1950;1951;1952;1953;1954;1955;1956;1957;1958;1959;1960;1961;1962;1963;1964;1965;1966;1967;1968;1969;1970;1971;1972;1973;1974;1975;1976;1977;1978;1979;1980;1981;1982;1983;1984;1985;1986;1987;1988;1989;1990;1991;1992;1993;1994;1995;1996;1997;1998;1999;2000;2001;2002;2003;2004;2005;2006;2007;2008;2009;2010;2011;2012;2013;2014;2015;2016;2017;2018;2019
0.130882;0.127530;0.087694;0.069914;0.056522;0.051315;0.047245;0.052345;0.041616;0.035819;0.032138;0.030834;0.028510;0.030899;0.028859;0.031073;0.030182;0.028285;0.027126;0.029482;0.028588;0.027818;0.031663;0.028942;0.027203;0.027283;0.028697;0.025637;0.025439;0.024342;0.023625;0.022785;0.020746;0.019973;0.019251;0.018782;0.017457;0.015888;0.016081;0.014667;0.014272;0.014152;0.014396;0.012308;0.012261;0.012069;0.010903;0.009355;0.009438;0.008956;0.009928;0.006866;0.007310;0.008791;0.007373;0.008120;0.007391;0.006812;0.006808;0.006894;0.006340;0.005612;0.006327;0.005513;0.005985;0.005659;0.006108;0.005135;0.005282;0.005570
0.008888;0.011095;0.006274;0.006335;0.004740;0.004120;0.003891;0.004534;0.003663;0.003836;0.003048;0.002803;0.002209;0.003001;0.002724;0.003202;0.002550;0.002236;0.002538;0.002354;0.002110;0.002301;0.001263;0.001783;0.001799;0.001644;0.001588;0.001424;0.001603;0.001525;0.001415;0.001399;0.001305;0.000972;0.001143;0.001068;0.001194;0.001107;0.001024;0.001064;0.000911;0.000938;0.000947;0.000651;0.000797;0.000760;0.000873;0.000775;0.000659;0.000854;0.000695;0.000710;0.000854;0.000542;0.000651;0.000701;0.000722;0.000471;0.000505;0.000702;0.000530;0.000430;0.000658;0.000441;0.000449;0.000666;0.000414;0.000404;0.000458;0.000558
0.003547;0.004214;0.003092;0.003342;0.002408;0.002431;0.001743;0.002433;0.002131;0.002119;0.001787;0.001655;0.001487;0.001165;0.001387;0.001901;0.001920;0.001246;0.001442;0.001326;0.001626;0.001572;0.000959;0.001029;0.001119;0.001046;0.001183;0.000972;0.000938;0.000543;0.000765;0.000527;0.000618;0.000622;0.000476;0.000454;0.000546;0.000754;0.000567;0.000492;0.000414;0.000642;0.000456;0.000374;0.000599;0.000399;0.000535;0.000405;0.000613;0.000627;0.000549;0.000836;0.000284;0.000482;0.000658;0.000115;0.000295;0.000325;0.000326;0.000288;0.000140;0.000166;0.000365;0.000394;0.000440;0.000276;0.000245;0.000343;0.000402;0.000326
0.002594;0.001940;0.001925;0.001857;0.001711;0.001685;0.001323;0.001390;0.001544;0.001349;0.001145;0.001067;0.001204;0.001101;0.001122;0.001060;0.001168;0.001136;0.001252;0.000934;0.000973;0.000763;0.000774;0.000963;0.001034;0.001026;0.000579;0.000698;0.000704;0.000695;0.000503;0.000504;0.000487;0.000475;0.000644;0.000347;0.000520;0.000372;0.000422;0.000455;0.000423;0.000342;0.000247;0.000430;0.000473;0.000313;0.000346;0.000422;0.000592;0.000323;0.000463;0.000275;0.000070;0.000284;0.000444;0.000425;0.000191;0.000221;0.000216;0.000361;0.000251;0.000280;0.000033;0.000199;0.000098;0.000203;0.000137;0.000278;0.000137;0.000133
0.001561;0.001428;0.001431;0.001797;0.001195;0.001174;0.001067;0.001009;0.000612;0.000712;0.001123;0.000730;0.000748;0.000591;0.000965;0.001010;0.000826;0.000669;0.000698;0.000877;0.000543;0.000693;0.000816;0.000801;0.000744;0.000724;0.000597;0.000847;0.000593;0.000643;0.000676;0.000565;0.000606;0.000569;0.000434;0.000624;0.000348;0.000391;0.000351;0.000446;0.000297;0.000471;0.000341;0.000443;0.000227;0.000323;0.000444;0.000426;0.000451;0.000218;0.000225;0.000363;0.000172;0.000313;0.000283;0.000259;0.000424;0.000420;0.000404;0.000216;0.000144;0.000287;0.000210;0.000133;0.000265;0.000229;0.000168;0.000206;0.000208;0.000102
0.001371;0.001178;0.000874;0.000864;0.000884;0.001004;0.000927;0.000875;0.000778;0.000931;0.000797;0.000604;0.000689;0.000791;0.000979;0.000829;0.000920;0.000804;0.000838;0.000816;0.000547;0.000817;0.000770;0.000501;0.000595;0.000672;0.000558;0.000789;0.000491;0.000445;0.000436;0.000595;0.000505;0.000405;0.000387;0.000352;0.000410;0.000392;0.000304;0.000308;0.000223;0.000320;0.000400;0.000365;0.000246;0.000252;0.000174;0.000418;0.000346;0.000225;0.000124;0.000386;0.000363;0.000274;0.000418;0.000389;0.000221;0.000270;0.000229;0.000147;0.000108;0.000288;0.000072;0.000280;0.000332;0.000231;0.000098;0.000202;0.000068;0.000104
0.001510;0.001348;0.000739;0.000790;0.000988;0.000810;0.000698;0.000901;0.000747;0.000716;0.000487;0.000610;0.000584;0.000691;0.000642;0.000820;0.000738;0.000645;0.000687;0.000936;0.000444;0.000691;0.000645;0.000514;0.000581;0.000569;0.000725;0.000511;0.000622;0.000469;0.000488;0.000395;0.000493;0.000384;0.000446;0.000591;0.000311;0.000324;0.000196;0.000305;0.000375;0.000491;0.000183;0.000188;0.000316;0.000343;0.000251;0.000298;0.000339;0.000399;0.000141;0.000187;0.000354;0.000231;0.000034;0.000243;0.000353;0.000074;0.000192;0.000267;0.000220;0.000107;0.000180;0.000072;0.000035;0.000066;0.000099;0.000131;0.000101;0.000034
0.001112;0.001105;0.000796;0.000798;0.000625;0.000631;0.000637;0.000788;0.000723;0.000939;0.000484;0.000573;0.000316;0.000418;0.000650;0.000557;0.000753;0.000555;0.000554;0.000640;0.000745;0.000421;0.000668;0.000794;0.000514;0.000502;0.000363;0.000577;0.000416;0.000599;0.000380;0.000361;0.000395;0.000370;0.000344;0.000548;0.000326;0.000270;0.000260;0.000371;0.000262;0.000287;0.000312;0.000296;0.000305;0.000388;0.000196;0.000151;0.000298;0.000078;0.000320;0.000338;0.000280;0.000193;0.000264;0.000137;0.000209;0.000247;0.000147;0.000231;0.000076;0.000293;0.000072;0.000252;0.000036;0.000140;0.000166;0.000066;0.000163;0.000168
0.001153;0.001151;0.001079;0.000794;0.000769;0.000786;0.000679;0.000758;0.000531;0.000698;0.000554;0.000358;0.000722;0.000632;0.000795;0.000483;0.000386;0.000571;0.000532;0.000671;0.000499;0.000674;0.000492;0.000645;0.000472;0.000566;0.000503;0.000467;0.000504;0.000344;0.000576;0.000515;0.000426;0.000396;0.000247;0.000365;0.000244;0.000306;0.000353;0.000260;0.000306;0.000240;0.000264;0.000267;0.000227;0.000211;0.000363;0.000293;0.000275;0.000248;0.000183;0.000293;0.000282;0.000124;0.000193;0.000132;0.000205;0.000278;0.000141;0.000147;0.000192;0.000266;0.000220;0.000107;0.000144;0.000072;0.000140;0.000100;0.000099;0.000098
0.000801;0.000966;0.000781;0.000829;0.000579;0.000592;0.000812;0.000651;0.000635;0.000575;0.000500;0.000426;0.000380;0.000638;0.000464;0.000545;0.000336;0.000451;0.000480;0.000533;0.000348;0.000404;0.000289;0.000539;0.000454;0.000572;0.000592;0.000424;0.000285;0.000480;0.000542;0.000384;0.000336;0.000575;0.000438;0.000371;0.000264;0.000305;0.000225;0.000229;0.000369;0.000328;0.000262;0.000176;0.000178;0.000340;0.000304;0.000266;0.000171;0.000375;0.000248;0.000314;0.000240;0.000085;0.000187;0.000451;0.000296;0.000171;0.000208;0.000106;0.000256;0.000230;0.000266;0.000110;0.000251;0.000144;0.000072;0.000105;0.000133;0.000132
0.001236;0.000837;0.000755;0.000873;0.000766;0.000791;0.000415;0.000675;0.000748;0.000682;0.000596;0.000454;0.000384;0.000570;0.000617;0.000486;0.000629;0.000337;0.000473;0.000480;0.000418;0.000325;0.000405;0.000578;0.000609;0.000527;0.000473;0.000464;0.000398;0.000467;0.000330;0.000445;0.000264;0.000337;0.000277;0.000355;0.000227;0.000244;0.000387;0.000307;0.000271;0.000282;0.000197;0.000174;0.000198;0.000445;0.000249;0.000140;0.000169;0.000316;0.000249;0.000223;0.000078;0.000240;0.000197;0.000124;0.000064;0.000099;0.000171;0.000312;0.000140;0.000146;0.000307;0.000152;0.000110;0.000107;0.000036;0.000108;0.000175;0.000166
0.001009;0.001240;0.001194;0.000596;0.000748;0.000764;0.000729;0.000563;0.000351;0.000571;0.000389;0.000388;0.000453;0.000640;0.000444;0.000533;0.000423;0.000441;0.000422;0.000387;0.000572;0.000511;0.000441;0.000262;0.000434;0.000352;0.000455;0.000548;0.000438;0.000425;0.000493;0.000381;0.000371;0.000457;0.000180;0.000299;0.000313;0.000144;0.000367;0.000122;0.000246;0.000354;0.000585;0.000240;0.000283;0.000154;0.000289;0.000316;0.000326;0.000217;0.000194;0.000299;0.000149;0.000209;0.000240;0.000169;0.000405;0.000097;0.000164;0.000171;0.000104;0.000105;0.000182;0.000383;0.000114;0.000220;0.000179;0.000072;0.000143;0.000210
0.001004;0.000948;0.000606;0.000751;0.000564;0.000468;0.000732;0.000637;0.000445;0.000754;0.000371;0.000607;0.000320;0.000324;0.000342;0.000318;0.000512;0.000487;0.000610;0.000507;0.000387;0.000343;0.000465;0.000534;0.000596;0.000362;0.000469;0.000288;0.000399;0.000438;0.000558;0.000312;0.000330;0.000347;0.000241;0.000315;0.000171;0.000335;0.000186;0.000367;0.000326;0.000348;0.000333;0.000260;0.000261;0.000065;0.000330;0.000266;0.000316;0.000418;0.000193;0.000291;0.000175;0.000273;0.000105;0.000107;0.000141;0.000436;0.000161;0.000131;0.000068;0.000173;0.000140;0.000073;0.000115;0.000114;0.000147;0.000251;0.000108;0.000143
0.001468;0.000907;0.000829;0.000668;0.000874;0.000563;0.000623;0.000944;0.000848;0.000773;0.000672;0.000493;0.000388;0.000504;0.000476;0.000577;0.000657;0.000363;0.000360;0.000589;0.000634;0.000603;0.000642;0.000698;0.000418;0.000477;0.000459;0.000516;0.000384;0.000599;0.000542;0.000453;0.000521;0.000356;0.000372;0.000289;0.000360;0.000278;0.000209;0.000207;0.000245;0.000449;0.000307;0.000270;0.000259;0.000413;0.000261;0.000330;0.000200;0.000248;0.000302;0.000385;0.000243;0.000374;0.000174;0.000105;0.000267;0.000141;0.000187;0.000193;0.000197;0.000306;0.000277;0.000105;0.000146;0.000115;0.000076;0.000147;0.000108;0.000108
0.001103;0.000879;0.001368;0.000929;0.000763;0.000748;0.000969;0.000686;0.000912;0.000574;0.000803;0.000751;0.000740;0.000536;0.000574;0.000520;0.000643;0.000531;0.000620;0.000403;0.000822;0.000402;0.000453;0.000551;0.000465;0.000488;0.000549;0.000556;0.000375;0.000432;0.000399;0.000543;0.000481;0.000444;0.000408;0.000422;0.000337;0.000270;0.000471;0.000440;0.000269;0.000409;0.000347;0.000390;0.000437;0.000324;0.000239;0.000478;0.000330;0.000332;0.000517;0.000301;0.000313;0.000219;0.000150;0.000224;0.000236;0.000267;0.000508;0.000280;0.000548;0.000197;0.000136;0.000312;0.000386;0.000328;0.000230;0.000228;0.000257;0.000251
0.001362;0.001703;0.001036;0.001096;0.000831;0.001143;0.000746;0.000750;0.001122;0.000668;0.000936;0.000804;0.000538;0.000943;0.000685;0.000759;0.000629;0.000944;0.000532;0.000792;0.000722;0.000634;0.000594;0.000865;0.000736;0.000652;0.000627;0.000478;0.000435;0.000634;0.000337;0.000676;0.000519;0.000535;0.000629;0.000434;0.000497;0.000482;0.000451;0.000643;0.000440;0.000476;0.000245;0.000654;0.000472;0.000457;0.000410;0.000455;0.000304;0.000395;0.000376;0.000225;0.000255;0.000362;0.000463;0.000425;0.000224;0.000341;0.000427;0.000226;0.000249;0.000484;0.000361;0.000204;0.000277;0.000246;0.000182;0.000154;0.000267;0.000257
0.001503;0.002059;0.001298;0.000970;0.001270;0.000934;0.001079;0.001086;0.000937;0.000936;0.000758;0.001206;0.000778;0.000922;0.000924;0.000835;0.000784;0.000848;0.000838;0.000788;0.000836;0.000830;0.000826;0.000935;0.000823;0.000967;0.000699;0.000697;0.000574;0.000460;0.000751;0.000554;0.000753;0.000728;0.000617;0.000656;0.000767;0.000373;0.000676;0.000633;0.000752;0.000567;0.000580;0.000450;0.000696;0.000636;0.000644;0.000517;0.000541;0.000456;0.000593;0.000465;0.000518;0.000418;0.000458;0.000366;0.000375;0.000473;0.000551;0.000347;0.000367;0.000405;0.000645;0.000394;0.000408;0.000416;0.000421;0.000292;0.000269;0.000419
0.002452;0.002170;0.001720;0.001303;0.001321;0.001136;0.001505;0.001556;0.000867;0.001280;0.001217;0.001241;0.001239;0.001148;0.001367;0.001030;0.000938;0.001249;0.001242;0.001464;0.001174;0.001096;0.001431;0.001359;0.001555;0.001194;0.000854;0.000979;0.000953;0.001054;0.001042;0.001059;0.000992;0.000983;0.001018;0.000889;0.000895;0.000692;0.000945;0.000798;0.000792;0.000710;0.000631;0.000581;0.000922;0.000574;0.000575;0.000810;0.000517;0.000476;0.000564;0.000791;0.000642;0.000699;0.000512;0.000580;0.000415;0.000576;0.000622;0.000446;0.000320;0.000508;0.000467;0.000451;0.000624;0.000510;0.000416;0.000456;0.000511;0.000192
0.002669;0.002093;0.002063;0.001962;0.001413;0.001712;0.001037;0.001409;0.001270;0.001424;0.001560;0.001686;0.001400;0.001373;0.001555;0.001598;0.001771;0.001488;0.001578;0.001420;0.001337;0.001541;0.001727;0.001694;0.001258;0.001410;0.001197;0.001156;0.000887;0.001116;0.001127;0.001143;0.001182;0.000899;0.001190;0.001127;0.001108;0.001030;0.001232;0.001021;0.001089;0.000952;0.000992;0.000905;0.000997;0.000984;0.000677;0.000986;0.001018;0.000796;0.000669;0.000650;0.000682;0.000665;0.000474;0.000722;0.000604;0.000538;0.000853;0.000523;0.000499;0.000801;0.000565;0.000654;0.000548;0.000788;0.000578;0.000624;0.000492;0.000438
0.003094;0.002517;0.001983;0.002136;0.001563;0.001872;0.001580;0.001665;0.001615;0.002287;0.001452;0.001185;0.001726;0.001721;0.001603;0.001755;0.001945;0.001605;0.001545;0.001863;0.001665;0.001709;0.001548;0.001474;0.001399;0.001390;0.001307;0.001767;0.001019;0.001168;0.001093;0.001275;0.001295;0.000808;0.000903;0.001195;0.001158;0.001166;0.001112;0.000875;0.001247;0.001140;0.001045;0.001015;0.000991;0.001123;0.000944;0.001027;0.001069;0.000789;0.000666;0.000583;0.000912;0.000903;0.000955;0.000634;0.000956;0.000944;0.000931;0.000703;0.000798;0.000604;0.000775;0.000536;0.000560;0.000451;0.000525;0.001123;0.000763;0.000597
0.002678;0.002984;0.002135;0.002083;0.001804;0.001707;0.001674;0.001940;0.001741;0.001453;0.001843;0.001821;0.001599;0.002221;0.001180;0.001525;0.002084;0.001542;0.001924;0.001980;0.001660;0.001342;0.001760;0.001598;0.001415;0.001599;0.001202;0.001310;0.001312;0.000859;0.001216;0.001260;0.001282;0.001571;0.000955;0.000931;0.000868;0.001057;0.000816;0.000903;0.001212;0.001251;0.001095;0.001322;0.000996;0.000888;0.001208;0.001274;0.001398;0.000926;0.001039;0.001032;0.000823;0.000826;0.000838;0.000534;0.000929;0.001005;0.000970;0.001177;0.001359;0.000549;0.000736;0.000854;0.000649;0.000964;0.000838;0.000755;0.000681;0.000867
0.003409;0.002932;0.002598;0.002330;0.001716;0.001675;0.001579;0.001649;0.001596;0.001923;0.001626;0.001621;0.001582;0.001618;0.001893;0.002133;0.001824;0.001319;0.002573;0.001732;0.001915;0.002113;0.001924;0.001528;0.001409;0.001180;0.001258;0.001399;0.001270;0.001294;0.001233;0.001244;0.001033;0.001167;0.001406;0.001439;0.001157;0.000897;0.001273;0.001119;0.001412;0.001371;0.001255;0.001147;0.000891;0.001236;0.001165;0.001148;0.001091;0.001297;0.000886;0.000873;0.000991;0.000933;0.001024;0.001125;0.000890;0.000886;0.001194;0.000995;0.000836;0.000932;0.001075;0.000525;0.000534;0.000875;0.000715;0.000644;0.000887;0.000545
0.003687;0.002462;0.002276;0.002143;0.002166;0.002022;0.001922;0.001449;0.001447;0.001747;0.001438;0.001870;0.001634;0.001854;0.001927;0.002174;0.002062;0.002256;0.001682;0.002225;0.002292;0.001952;0.001865;0.001756;0.001689;0.001633;0.001317;0.001459;0.001599;0.001641;0.001363;0.001214;0.001345;0.001511;0.001124;0.001165;0.001446;0.000865;0.001338;0.000905;0.001342;0.001496;0.001428;0.001260;0.001200;0.001145;0.001000;0.001400;0.001108;0.001051;0.001217;0.000887;0.001291;0.000626;0.000935;0.000938;0.001061;0.000758;0.000956;0.000610;0.000681;0.000689;0.000782;0.000699;0.000866;0.000773;0.000761;0.000902;0.000515;0.000952
0.003263;0.002660;0.002576;0.002009;0.001820;0.001872;0.001957;0.002241;0.001525;0.002451;0.001684;0.001866;0.001747;0.002497;0.001878;0.001756;0.002528;0.001988;0.002119;0.001860;0.001814;0.001938;0.001858;0.002040;0.001363;0.001741;0.001618;0.001564;0.001989;0.001453;0.001408;0.001721;0.001338;0.001306;0.001378;0.001327;0.001445;0.001308;0.001167;0.001163;0.001363;0.001154;0.001662;0.001198;0.001215;0.001081;0.001171;0.001089;0.001297;0.001277;0.001114;0.000888;0.001074;0.000876;0.000779;0.000828;0.000918;0.000885;0.001116;0.000866;0.000681;0.000706;0.000887;0.000806;0.000749;0.000656;0.000746;0.000676;0.000932;0.000773
0.002911;0.002970;0.002942;0.002639;0.002405;0.002083;0.001841;0.001995;0.001697;0.001639;0.001823;0.001981;0.001913;0.001902;0.002331;0.001581;0.001910;0.001628;0.002432;0.002435;0.001750;0.001738;0.001840;0.001558;0.001477;0.001527;0.001417;0.001603;0.001815;0.001361;0.001284;0.001783;0.001219;0.001344;0.001265;0.001649;0.001384;0.001202;0.001387;0.001172;0.001272;0.001287;0.001130;0.001317;0.001202;0.001168;0.001158;0.001105;0.001114;0.001108;0.001216;0.000929;0.000992;0.001282;0.001128;0.001084;0.000917;0.000985;0.000997;0.001095;0.000891;0.000753;0.000901;0.000788;0.000806;0.000748;0.000576;0.000693;0.000732;0.000839
0.003083;0.002895;0.002769;0.002220;0.001860;0.001714;0.002346;0.002105;0.001456;0.001669;0.001892;0.001115;0.001379;0.001501;0.001607;0.001761;0.001994;0.002001;0.001714;0.001967;0.002035;0.001925;0.001975;0.001397;0.001513;0.001795;0.001739;0.001557;0.001235;0.001289;0.001168;0.001464;0.001507;0.001425;0.001398;0.001633;0.001756;0.001317;0.001258;0.001003;0.001303;0.001276;0.001290;0.000995;0.001159;0.001206;0.001351;0.001261;0.001223;0.001182;0.001345;0.001344;0.000972;0.001201;0.000849;0.000921;0.001152;0.001051;0.001096;0.000754;0.000873;0.000847;0.001248;0.000852;0.000689;0.000906;0.000723;0.000707;0.000719;0.000507
0.003125;0.002759;0.001910;0.002319;0.001842;0.002298;0.002408;0.002121;0.002205;0.002035;0.002025;0.001655;0.001736;0.001646;0.002019;0.001305;0.001715;0.001722;0.001655;0.001871;0.001790;0.001521;0.001603;0.001718;0.001508;0.001750;0.001515;0.001180;0.001318;0.001639;0.001473;0.001658;0.001338;0.001535;0.001186;0.001334;0.001159;0.001137;0.001199;0.001265;0.001499;0.001383;0.001487;0.001347;0.001358;0.001271;0.001263;0.001075;0.001240;0.001111;0.000877;0.001005;0.001136;0.000953;0.001202;0.000995;0.001048;0.000740;0.001075;0.001054;0.000644;0.000942;0.001031;0.001059;0.000950;0.000812;0.000755;0.000897;0.000759;0.000612
0.002665;0.002577;0.002159;0.002008;0.002113;0.002115;0.002129;0.002245;0.002223;0.001680;0.001698;0.001298;0.001840;0.002110;0.001438;0.001455;0.001852;0.001975;0.001712;0.001574;0.001686;0.002203;0.001294;0.001967;0.001663;0.001751;0.001240;0.001546;0.001574;0.001324;0.001112;0.001456;0.001398;0.001673;0.001080;0.001304;0.001436;0.001335;0.001168;0.000929;0.001728;0.001504;0.001310;0.001542;0.001269;0.001501;0.001220;0.001240;0.001028;0.001294;0.001299;0.001318;0.001113;0.001074;0.001244;0.001037;0.000976;0.000861;0.001134;0.001143;0.000814;0.001067;0.000852;0.001032;0.000778;0.000901;0.000566;0.000779;0.000847;0.000942
0.002874;0.002615;0.003009;0.002156;0.002007;0.001703;0.001806;0.002196;0.001883;0.001998;0.001746;0.001972;0.001479;0.001351;0.001537;0.001933;0.001505;0.001690;0.002068;0.002348;0.001559;0.001838;0.002244;0.001432;0.001677;0.002048;0.001464;0.001555;0.001845;0.001742;0.001556;0.001629;0.001685;0.001514;0.001791;0.001660;0.001378;0.001467;0.001563;0.001690;0.001516;0.001710;0.001434;0.001388;0.001153;0.001326;0.001366;0.001115;0.001218;0.001316;0.001248;0.001302;0.001298;0.001050;0.001055;0.000914;0.000997;0.000873;0.000820;0.001137;0.000948;0.000969;0.000957;0.000719;0.000665;0.000942;0.000827;0.000688;0.000905;0.000897
0.003107;0.003330;0.002560;0.002023;0.001987;0.002415;0.001805;0.001806;0.002229;0.001918;0.001803;0.001846;0.001873;0.002193;0.001716;0.001804;0.001911;0.002408;0.001635;0.002095;0.001794;0.002446;0.002017;0.001579;0.001804;0.001813;0.001819;0.001789;0.001718;0.001658;0.001475;0.001608;0.001971;0.001781;0.001922;0.001399;0.001467;0.001430;0.001692;0.001843;0.001455;0.001522;0.001893;0.001140;0.001542;0.001339;0.001275;0.001649;0.001664;0.001329;0.001658;0.001126;0.001280;0.001497;0.001352;0.000908;0.000977;0.001060;0.001269;0.000779;0.001293;0.001215;0.000860;0.000935;0.001012;0.000826;0.000871;0.000851;0.000713;0.001006
0.003630;0.002626;0.002932;0.002461;0.002118;0.002021;0.001632;0.002450;0.001907;0.002229;0.001753;0.001805;0.001686;0.002154;0.001706;0.001653;0.001407;0.001927;0.001907;0.002203;0.002300;0.001844;0.001997;0.001883;0.002190;0.002248;0.001917;0.002265;0.002010;0.001960;0.001666;0.002198;0.002067;0.001618;0.001901;0.001817;0.001805;0.001630;0.001847;0.001944;0.001904;0.001535;0.001575;0.001436;0.001763;0.001318;0.001446;0.001740;0.001571;0.001286;0.001574;0.001662;0.001228;0.001142;0.001212;0.001074;0.001396;0.000937;0.001311;0.001209;0.001012;0.001252;0.000730;0.000817;0.000892;0.000877;0.000917;0.000848;0.000997;0.000787
0.002488;0.004201;0.003094;0.002538;0.002303;0.002313;0.002325;0.002142;0.001565;0.002383;0.001991;0.001919;0.001940;0.001759;0.001614;0.001749;0.002275;0.001789;0.002592;0.002228;0.002374;0.002424;0.002129;0.002142;0.001713;0.002130;0.002391;0.001990;0.002124;0.001909;0.001810;0.002436;0.001579;0.002348;0.001714;0.002203;0.001373;0.001477;0.001930;0.002293;0.001735;0.001986;0.001811;0.001757;0.001465;0.001419;0.001346;0.001502;0.001554;0.001547;0.001592;0.001577;0.001404;0.001406;0.001097;0.001169;0.001183;0.001398;0.001230;0.001042;0.000960;0.001014;0.001319;0.001041;0.001107;0.001340;0.001012;0.001055;0.001036;0.001022
0.002501;0.002970;0.002932;0.003058;0.002440;0.002657;0.001889;0.001821;0.001768;0.002279;0.002620;0.002126;0.001857;0.002112;0.001932;0.002207;0.002332;0.002215;0.002738;0.002500;0.002594;0.002948;0.002716;0.002379;0.002429;0.001964;0.002374;0.002367;0.001996;0.002130;0.002078;0.001764;0.002000;0.001631;0.002288;0.001856;0.001892;0.002260;0.002001;0.002211;0.002629;0.002282;0.001816;0.001964;0.001990;0.001597;0.001696;0.001526;0.001901;0.002051;0.001496;0.001402;0.001257;0.001224;0.001231;0.001635;0.001414;0.001399;0.001061;0.000856;0.001335;0.001045;0.001036;0.001188;0.000865;0.000952;0.000759;0.001080;0.001193;0.001272
0.002632;0.003664;0.001742;0.002759;0.002156;0.001985;0.002146;0.002115;0.002395;0.002619;0.002313;0.001837;0.002399;0.002064;0.001987;0.001940;0.002460;0.002271;0.002739;0.002304;0.002912;0.002612;0.002395;0.002294;0.002316;0.002118;0.002286;0.003132;0.001732;0.002002;0.002107;0.002437;0.001928;0.001957;0.002478;0.002457;0.001977;0.001967;0.001793;0.002010;0.002177;0.002247;0.002165;0.001870;0.001794;0.001635;0.001782;0.001751;0.002244;0.001800;0.001810;0.001668;0.001871;0.001579;0.001798;0.001736;0.001591;0.001526;0.001768;0.001254;0.001297;0.001128;0.001276;0.000869;0.001170;0.001221;0.001063;0.001161;0.001216;0.001125
0.002631;0.004605;0.003405;0.003162;0.002510;0.002785;0.002409;0.001923;0.002178;0.002430;0.002211;0.002482;0.002727;0.001899;0.002439;0.002460;0.002686;0.002611;0.002428;0.002572;0.003232;0.002614;0.002810;0.002589;0.002696;0.002957;0.002479;0.002329;0.002665;0.002319;0.002476;0.002440;0.002717;0.002385;0.002560;0.002159;0.002628;0.002122;0.002273;0.002643;0.002746;0.002664;0.002532;0.001776;0.002050;0.002347;0.001716;0.002071;0.001756;0.001764;0.002176;0.002143;0.001954;0.001735;0.001608;0.001540;0.001664;0.001664;0.001484;0.001317;0.001426;0.001320;0.000711;0.001299;0.001445;0.001658;0.001044;0.001175;0.001252;0.001374
0.003213;0.003302;0.001917;0.002694;0.003057;0.002503;0.002614;0.002443;0.001957;0.002373;0.002465;0.002552;0.002179;0.002531;0.002689;0.002585;0.003005;0.002362;0.002904;0.002734;0.002663;0.002789;0.002424;0.002546;0.002859;0.002633;0.002967;0.003553;0.003187;0.002779;0.003220;0.002554;0.002449;0.003164;0.001915;0.002720;0.002355;0.002778;0.002474;0.002697;0.002908;0.002780;0.002786;0.002144;0.002621;0.002231;0.001627;0.002001;0.002154;0.002012;0.001896;0.001808;0.002311;0.001786;0.001709;0.001850;0.001594;0.002146;0.001691;0.001686;0.001427;0.001664;0.001363;0.001235;0.001029;0.001255;0.001328;0.001067;0.001508;0.001343
0.003895;0.003540;0.002475;0.002611;0.002954;0.002162;0.002694;0.002583;0.002477;0.002248;0.002469;0.002636;0.002524;0.002427;0.001853;0.002460;0.002326;0.003019;0.002848;0.002884;0.003078;0.002974;0.002721;0.002861;0.002939;0.003017;0.003293;0.003441;0.003103;0.002666;0.003445;0.003029;0.002530;0.002338;0.003203;0.003152;0.002405;0.002767;0.003093;0.002899;0.002918;0.003195;0.003269;0.002496;0.002221;0.002604;0.001935;0.002509;0.002572;0.002057;0.001942;0.002285;0.001865;0.001763;0.002043;0.002126;0.001664;0.002014;0.001998;0.001647;0.001910;0.001472;0.001516;0.001661;0.001575;0.001534;0.001256;0.001306;0.001735;0.001443
0.003046;0.004115;0.004128;0.002984;0.003084;0.003376;0.002004;0.003003;0.002377;0.002609;0.002249;0.002533;0.002304;0.002260;0.002675;0.003031;0.003155;0.002608;0.003032;0.003135;0.003395;0.002429;0.002423;0.003345;0.003340;0.003916;0.002913;0.002505;0.002562;0.003544;0.003069;0.003633;0.003250;0.003320;0.003221;0.002915;0.002763;0.003270;0.003255;0.003575;0.003631;0.003466;0.003577;0.002866;0.002526;0.002533;0.002313;0.002999;0.002113;0.002347;0.002324;0.002073;0.002211;0.002641;0.002456;0.002302;0.002654;0.002097;0.002358;0.001951;0.001839;0.001802;0.001885;0.001625;0.002022;0.001556;0.001915;0.001236;0.001485;0.001827
0.004309;0.003651;0.003449;0.003120;0.002099;0.003175;0.002876;0.002214;0.002916;0.002591;0.002772;0.003217;0.003122;0.002823;0.002373;0.002789;0.002733;0.003100;0.002552;0.003860;0.004146;0.003875;0.003508;0.003367;0.003474;0.002917;0.003227;0.004326;0.003643;0.003751;0.004205;0.003226;0.003438;0.003611;0.003302;0.003174;0.002953;0.002990;0.003032;0.003462;0.003782;0.003624;0.004182;0.003313;0.002668;0.003432;0.002683;0.002945;0.003109;0.002927;0.003000;0.002747;0.002735;0.003015;0.002433;0.002460;0.002676;0.002576;0.002532;0.002074;0.002158;0.001819;0.001893;0.001628;0.001821;0.001687;0.001642;0.001623;0.001814;0.001687
0.003567;0.003950;0.003229;0.003209;0.003872;0.002679;0.002488;0.002677;0.002426;0.002398;0.003156;0.002415;0.002809;0.003133;0.002662;0.002520;0.003180;0.003162;0.003009;0.003694;0.003644;0.003475;0.003568;0.003299;0.003944;0.004186;0.004508;0.004136;0.003886;0.005234;0.004093;0.003755;0.004320;0.004291;0.004606;0.003968;0.003918;0.003494;0.003707;0.004316;0.004201;0.003611;0.003945;0.003826;0.003675;0.002931;0.003606;0.003142;0.003658;0.003451;0.002836;0.003346;0.002858;0.002969;0.002841;0.002841;0.003102;0.002368;0.002692;0.002428;0.002261;0.002137;0.002272;0.001852;0.001848;0.001802;0.001583;0.002024;0.001836;0.002009
0.003783;0.003633;0.003894;0.003985;0.004013;0.003031;0.003197;0.003436;0.002393;0.002743;0.003646;0.002740;0.002579;0.003305;0.002850;0.003358;0.002914;0.003263;0.003560;0.004414;0.003646;0.004660;0.004321;0.004299;0.005027;0.003662;0.004129;0.005003;0.004584;0.003902;0.004522;0.004546;0.005116;0.004160;0.004629;0.004069;0.004540;0.003998;0.004152;0.004952;0.004675;0.004754;0.004361;0.004385;0.003348;0.003549;0.003544;0.003828;0.004199;0.004000;0.003311;0.003301;0.003537;0.003391;0.002925;0.003054;0.002902;0.003359;0.003230;0.002809;0.002405;0.002529;0.002344;0.002155;0.001989;0.002266;0.002256;0.001924;0.002239;0.001649
0.005183;0.003975;0.003839;0.003634;0.003241;0.003657;0.003634;0.003206;0.002039;0.003881;0.002798;0.003285;0.002651;0.003182;0.003285;0.003256;0.003476;0.003729;0.003103;0.004350;0.004508;0.004458;0.004580;0.004446;0.004247;0.005275;0.003907;0.004540;0.005544;0.004604;0.004458;0.005763;0.004207;0.005363;0.005421;0.005218;0.004657;0.004082;0.004788;0.004877;0.005255;0.005217;0.004949;0.004835;0.004619;0.003814;0.004315;0.003976;0.004451;0.004459;0.003538;0.003321;0.004279;0.003731;0.003584;0.003518;0.003322;0.003557;0.003396;0.003295;0.002759;0.002735;0.002348;0.002118;0.002491;0.002418;0.002510;0.002367;0.001842;0.002031
0.004738;0.005090;0.003481;0.004201;0.003869;0.003878;0.004041;0.002709;0.003472;0.003784;0.002787;0.002851;0.003892;0.004011;0.003231;0.003656;0.003434;0.003459;0.003994;0.004626;0.004623;0.004990;0.005417;0.005021;0.004852;0.005752;0.004401;0.004688;0.004997;0.004768;0.005257;0.005452;0.005202;0.006164;0.005875;0.005563;0.005178;0.005607;0.005325;0.005188;0.006349;0.005481;0.005246;0.005343;0.004813;0.004928;0.004215;0.004665;0.005070;0.004495;0.004169;0.004211;0.004178;0.004423;0.003769;0.003277;0.003170;0.003930;0.003217;0.003628;0.002901;0.003044;0.003065;0.002588;0.003015;0.002614;0.002355;0.002581;0.002653;0.002185
0.005051;0.004980;0.005324;0.004270;0.003467;0.003374;0.004027;0.003528;0.003260;0.003677;0.003880;0.002826;0.003430;0.003956;0.004245;0.003547;0.004359;0.004112;0.004554;0.004972;0.005218;0.004790;0.005335;0.005272;0.004979;0.005652;0.005347;0.005445;0.005251;0.005856;0.004991;0.006159;0.005761;0.005872;0.005690;0.005728;0.006668;0.007141;0.006148;0.006414;0.006502;0.006536;0.006263;0.005591;0.005349;0.005513;0.004788;0.004765;0.005617;0.005239;0.004894;0.005198;0.004429;0.004862;0.004721;0.004097;0.004718;0.004512;0.004623;0.004558;0.003303;0.003599;0.003498;0.002663;0.002567;0.002919;0.002594;0.002831;0.002959;0.002767
0.005347;0.006030;0.005951;0.005146;0.004983;0.003673;0.003611;0.004176;0.003828;0.004558;0.003756;0.003662;0.003092;0.003842;0.004930;0.004411;0.004836;0.004249;0.004766;0.005807;0.005575;0.005000;0.005099;0.005933;0.005830;0.005641;0.005228;0.005779;0.006658;0.006289;0.006693;0.006763;0.007041;0.006152;0.006852;0.006095;0.006027;0.007165;0.006331;0.007131;0.007384;0.007870;0.006581;0.006441;0.006282;0.006644;0.004866;0.005869;0.006264;0.005771;0.005220;0.005060;0.005196;0.005215;0.004779;0.004714;0.004641;0.004018;0.004271;0.004300;0.004522;0.004128;0.003981;0.003055;0.003622;0.003767;0.003414;0.002911;0.002860;0.002637
0.006362;0.005903;0.006210;0.004818;0.005492;0.004344;0.004410;0.004983;0.004367;0.004447;0.004394;0.003314;0.003837;0.004452;0.004047;0.005879;0.004003;0.004867;0.005363;0.005599;0.006340;0.006328;0.006672;0.006602;0.006149;0.006147;0.007018;0.007363;0.007366;0.007701;0.007271;0.007024;0.006775;0.006690;0.006949;0.006943;0.006882;0.007272;0.007706;0.008196;0.008542;0.008018;0.007489;0.006773;0.006680;0.006113;0.005667;0.005260;0.006849;0.006016;0.005950;0.005915;0.005489;0.006340;0.004956;0.005941;0.005226;0.005560;0.004274;0.004079;0.004289;0.004841;0.004509;0.003586;0.003794;0.004534;0.003512;0.003423;0.003397;0.003546
0.006023;0.007037;0.005600;0.005815;0.005231;0.005562;0.005498;0.005153;0.004979;0.004637;0.004061;0.003347;0.004303;0.004255;0.004392;0.004369;0.005964;0.005770;0.006460;0.005531;0.006040;0.006769;0.006658;0.006826;0.006142;0.007020;0.007045;0.007571;0.007207;0.007384;0.006834;0.007717;0.007765;0.007859;0.008940;0.008883;0.008721;0.007612;0.008465;0.007958;0.009187;0.009535;0.008404;0.007545;0.006358;0.006756;0.006792;0.007382;0.007626;0.006026;0.006718;0.006203;0.006256;0.006213;0.006594;0.005963;0.006313;0.006007;0.005906;0.004854;0.005623;0.004545;0.004284;0.004212;0.004699;0.004853;0.004029;0.003389;0.003742;0.003767
0.007129;0.007137;0.006701;0.005962;0.005733;0.006562;0.005438;0.006700;0.004305;0.005178;0.005384;0.004432;0.005361;0.004248;0.004354;0.004076;0.005650;0.005851;0.005955;0.007229;0.006878;0.006901;0.007892;0.008409;0.008180;0.007206;0.007725;0.008213;0.007600;0.006614;0.007552;0.008643;0.007581;0.009054;0.009177;0.009273;0.007923;0.009342;0.009275;0.010650;0.010711;0.009982;0.008696;0.008291;0.008436;0.007665;0.007206;0.007166;0.007745;0.007214;0.007663;0.006839;0.006628;0.006749;0.006417;0.007344;0.006490;0.006927;0.006381;0.006259;0.005334;0.005412;0.005120;0.005071;0.004794;0.004629;0.004418;0.004402;0.004418;0.003754
0.007134;0.007494;0.006659;0.007816;0.006749;0.006975;0.006024;0.006544;0.005788;0.006534;0.006189;0.005017;0.004956;0.005655;0.004259;0.006077;0.005303;0.005550;0.006961;0.006406;0.008190;0.008144;0.007814;0.007020;0.008731;0.008539;0.008367;0.008044;0.009004;0.008711;0.008306;0.010637;0.009238;0.010285;0.009472;0.009311;0.009778;0.011254;0.011003;0.010519;0.010461;0.010827;0.010080;0.009670;0.009640;0.008894;0.008526;0.008010;0.008817;0.007989;0.007895;0.007988;0.008815;0.007920;0.006866;0.007330;0.008306;0.007081;0.007552;0.006394;0.006025;0.005767;0.005541;0.005251;0.005039;0.005098;0.004764;0.005088;0.005082;0.004920
0.009314;0.009112;0.007342;0.006987;0.007502;0.007457;0.006641;0.006737;0.006701;0.007156;0.004987;0.006473;0.005828;0.006184;0.006467;0.006510;0.005216;0.006975;0.005966;0.008382;0.007612;0.009044;0.009207;0.008643;0.007696;0.008986;0.009572;0.009927;0.009372;0.010481;0.010741;0.009463;0.009487;0.011049;0.010723;0.010865;0.010813;0.010514;0.009947;0.012633;0.010990;0.011043;0.010861;0.011200;0.008819;0.009063;0.009597;0.009528;0.009011;0.009962;0.008938;0.008788;0.009242;0.009184;0.007606;0.008765;0.007850;0.008317;0.008632;0.007550;0.007413;0.005952;0.006478;0.006304;0.005250;0.005758;0.005294;0.004610;0.005111;0.005244
0.009036;0.008644;0.009377;0.009897;0.009229;0.007759;0.008544;0.008038;0.006963;0.007220;0.006083;0.007316;0.006873;0.006070;0.006225;0.007243;0.006473;0.008373;0.006423;0.006634;0.009344;0.009681;0.009513;0.009404;0.010332;0.009859;0.009664;0.010228;0.010067;0.011220;0.010670;0.011002;0.010713;0.011713;0.011822;0.012686;0.010193;0.011838;0.011999;0.011360;0.013351;0.012061;0.011164;0.011853;0.011242;0.011948;0.009152;0.010681;0.010592;0.010541;0.009708;0.009591;0.010462;0.009472;0.009206;0.008732;0.009057;0.010053;0.009037;0.007556;0.007065;0.007034;0.007375;0.006679;0.006972;0.006435;0.005953;0.006325;0.006519;0.005392
0.008082;0.010019;0.009898;0.008199;0.009495;0.009164;0.007918;0.008710;0.008113;0.007854;0.007974;0.007017;0.006945;0.006639;0.007251;0.007809;0.007889;0.006640;0.007943;0.009897;0.008276;0.009308;0.009771;0.010307;0.011001;0.010942;0.010632;0.010736;0.011130;0.011050;0.011765;0.011841;0.011761;0.012576;0.013071;0.012224;0.011607;0.012614;0.013075;0.013494;0.014565;0.012280;0.013675;0.012778;0.010721;0.010400;0.011028;0.010896;0.011463;0.011776;0.011815;0.010136;0.010727;0.009742;0.010265;0.009971;0.010083;0.009661;0.010768;0.009620;0.008439;0.008597;0.007162;0.007833;0.006557;0.006031;0.006527;0.008103;0.007291;0.006497
0.012147;0.009833;0.010820;0.010180;0.009931;0.009440;0.009389;0.008461;0.008934;0.008460;0.008039;0.007742;0.007365;0.008130;0.007891;0.008213;0.008120;0.008596;0.008479;0.009098;0.008940;0.009756;0.010574;0.010753;0.010951;0.011764;0.012036;0.012966;0.012305;0.013055;0.013371;0.011526;0.013911;0.013959;0.013813;0.014954;0.013383;0.013015;0.013521;0.014543;0.016156;0.013541;0.014501;0.012647;0.012395;0.012857;0.013605;0.012632;0.011706;0.011600;0.012629;0.012040;0.011051;0.011465;0.010093;0.011152;0.010706;0.009697;0.010002;0.010898;0.010705;0.009885;0.009049;0.008139;0.007946;0.008294;0.007005;0.007610;0.007312;0.008101
0.011267;0.012318;0.010856;0.010462;0.010778;0.010915;0.010067;0.010002;0.010389;0.009727;0.008763;0.008775;0.008577;0.008317;0.007569;0.009301;0.008869;0.008481;0.009697;0.008740;0.010363;0.011338;0.009093;0.012725;0.011492;0.013686;0.011990;0.014043;0.013594;0.012771;0.013424;0.013740;0.013151;0.015566;0.016318;0.015617;0.013334;0.015246;0.016138;0.016054;0.016707;0.014330;0.016098;0.014880;0.013510;0.014938;0.012829;0.013940;0.014125;0.013198;0.013560;0.011253;0.012203;0.012363;0.011747;0.012053;0.011475;0.011279;0.011503;0.010865;0.010327;0.009849;0.009915;0.009312;0.008229;0.009987;0.008414;0.008078;0.008877;0.007909
0.013034;0.013212;0.013822;0.011877;0.011553;0.010754;0.012261;0.012178;0.010152;0.011728;0.010527;0.009706;0.009650;0.010758;0.009705;0.008921;0.009988;0.009590;0.010185;0.010345;0.010708;0.013147;0.013013;0.012958;0.014592;0.012423;0.014850;0.015465;0.013740;0.013238;0.016270;0.015149;0.014332;0.015351;0.016280;0.016185;0.016179;0.017762;0.016784;0.017529;0.018392;0.018238;0.016347;0.017045;0.015322;0.013243;0.014356;0.015248;0.014020;0.015798;0.014279;0.014602;0.013753;0.013788;0.013369;0.013425;0.012881;0.012723;0.012866;0.011831;0.011825;0.011255;0.010910;0.010345;0.010151;0.010313;0.009290;0.009952;0.009453;0.008841
0.013826;0.013906;0.015158;0.014469;0.012769;0.013410;0.012280;0.012948;0.012410;0.011962;0.010506;0.009224;0.011788;0.011521;0.010101;0.011618;0.010831;0.011212;0.011092;0.013246;0.014560;0.011628;0.013155;0.015225;0.013996;0.017459;0.014631;0.015623;0.015712;0.014768;0.017081;0.016344;0.018183;0.017423;0.017013;0.016360;0.017688;0.017341;0.016500;0.018443;0.019365;0.018012;0.019414;0.016829;0.016977;0.017076;0.014779;0.016595;0.016744;0.016313;0.013922;0.014552;0.015150;0.013773;0.012284;0.014262;0.013346;0.014436;0.012936;0.013199;0.012590;0.012346;0.011018;0.010729;0.011305;0.010923;0.009883;0.009235;0.010845;0.009072
0.015095;0.015138;0.015163;0.014893;0.013979;0.015244;0.013911;0.014490;0.012762;0.013799;0.014044;0.012490;0.013070;0.012411;0.012237;0.012369;0.011420;0.011048;0.013516;0.013387;0.014592;0.014602;0.013007;0.015214;0.014520;0.013582;0.017836;0.016359;0.017644;0.015341;0.018324;0.017428;0.017961;0.018554;0.019375;0.017155;0.020529;0.020094;0.017816;0.021469;0.021351;0.020483;0.019017;0.018754;0.018070;0.016675;0.017438;0.016586;0.016905;0.016549;0.017819;0.016888;0.017069;0.016232;0.014405;0.015335;0.014426;0.014493;0.014879;0.014333;0.013014;0.011998;0.012018;0.012141;0.011943;0.013374;0.011015;0.011220;0.011794;0.010525
0.016146;0.014889;0.016238;0.016285;0.015282;0.015595;0.014423;0.016228;0.013834;0.014133;0.013507;0.013127;0.014611;0.013797;0.012820;0.012362;0.013875;0.013011;0.014259;0.016133;0.016294;0.015725;0.015444;0.016442;0.016023;0.016462;0.014476;0.019915;0.016235;0.018281;0.018254;0.021116;0.019397;0.020622;0.021110;0.021297;0.020699;0.021336;0.021658;0.023026;0.021092;0.020914;0.021468;0.019697;0.018888;0.018871;0.017607;0.017583;0.018875;0.018509;0.017931;0.017962;0.016536;0.017802;0.015801;0.017772;0.016550;0.017117;0.015633;0.015340;0.013846;0.014421;0.012890;0.012987;0.014783;0.012886;0.012544;0.012054;0.011773;0.011374
0.019565;0.017393;0.018409;0.015219;0.018549;0.016037;0.018456;0.017235;0.017062;0.016605;0.015086;0.015399;0.016240;0.015244;0.013370;0.013994;0.013971;0.013560;0.016729;0.016171;0.016783;0.016975;0.017179;0.018187;0.017285;0.018418;0.018203;0.017699;0.022044;0.020311;0.020508;0.019289;0.020836;0.021302;0.021914;0.020979;0.022615;0.022993;0.021678;0.022813;0.022443;0.024449;0.023573;0.020633;0.020233;0.021887;0.021362;0.020098;0.020652;0.019071;0.018628;0.018820;0.018646;0.017144;0.018004;0.018268;0.016960;0.016946;0.017424;0.016619;0.016263;0.015027;0.014337;0.014980;0.013619;0.013049;0.013839;0.012730;0.013509;0.013124
0.018806;0.019574;0.018230;0.018352;0.018013;0.017458;0.017340;0.019400;0.017834;0.019631;0.016139;0.017053;0.017660;0.017345;0.017211;0.016430;0.017932;0.016205;0.018868;0.019213;0.020060;0.018999;0.017548;0.018564;0.018565;0.016320;0.020631;0.017292;0.018981;0.022082;0.021223;0.023446;0.022502;0.023864;0.023281;0.021717;0.023781;0.024254;0.024862;0.024941;0.024999;0.023026;0.023451;0.023845;0.022491;0.021870;0.021519;0.022206;0.022296;0.022294;0.019945;0.019655;0.020788;0.022169;0.020845;0.019275;0.018583;0.019316;0.018949;0.018737;0.016953;0.017957;0.017346;0.015980;0.015089;0.014955;0.014430;0.014805;0.014301;0.014192
0.020329;0.020101;0.020956;0.019290;0.022963;0.021086;0.020166;0.021355;0.021295;0.021315;0.020069;0.019639;0.020126;0.018579;0.017779;0.017485;0.017447;0.019212;0.020248;0.019570;0.020776;0.018951;0.019157;0.019756;0.020109;0.020245;0.019927;0.021055;0.021255;0.021019;0.025682;0.024246;0.026062;0.025318;0.026012;0.025551;0.026543;0.026239;0.025886;0.027089;0.028947;0.030093;0.028156;0.025994;0.026090;0.023252;0.026842;0.024669;0.024798;0.023778;0.024324;0.024097;0.023077;0.021912;0.021198;0.021453;0.021510;0.020395;0.019169;0.018781;0.019193;0.018524;0.017351;0.018499;0.017580;0.017170;0.016285;0.016919;0.016383;0.014096
0.023523;0.020683;0.020617;0.020544;0.020781;0.024983;0.019978;0.024961;0.021432;0.023500;0.018650;0.021220;0.021215;0.018910;0.020443;0.022218;0.019726;0.020459;0.022035;0.024019;0.025075;0.023535;0.022324;0.022162;0.024027;0.021395;0.023517;0.021605;0.023497;0.023498;0.022199;0.029867;0.026107;0.028906;0.027736;0.029429;0.027372;0.027350;0.030648;0.031891;0.031371;0.029739;0.030020;0.026751;0.026169;0.027932;0.026309;0.022973;0.025627;0.026629;0.028008;0.026310;0.023016;0.023817;0.021566;0.024447;0.021690;0.022823;0.021234;0.022399;0.021099;0.020254;0.020162;0.019445;0.018359;0.018733;0.017977;0.019749;0.018046;0.018030
0.021758;0.025059;0.025802;0.025976;0.026592;0.021592;0.022763;0.024921;0.023836;0.026960;0.020217;0.022745;0.023545;0.022864;0.022184;0.023329;0.022734;0.023640;0.023719;0.026400;0.026417;0.027410;0.023786;0.023269;0.025434;0.025857;0.023137;0.028250;0.024544;0.025431;0.023873;0.024937;0.030154;0.028466;0.031951;0.029318;0.032871;0.032286;0.031521;0.032800;0.032302;0.031875;0.032467;0.031874;0.029497;0.031138;0.028853;0.027184;0.028386;0.030184;0.027842;0.026861;0.026014;0.025735;0.025791;0.024665;0.025049;0.023695;0.022434;0.024357;0.023819;0.022754;0.021098;0.022293;0.021362;0.021292;0.020149;0.019032;0.018594;0.019888
0.026593;0.028661;0.024359;0.024932;0.027331;0.028353;0.026322;0.026268;0.025098;0.027892;0.023485;0.024357;0.027547;0.024325;0.022761;0.025830;0.023767;0.026719;0.026009;0.030022;0.028518;0.028420;0.025939;0.026535;0.028146;0.026259;0.026684;0.027276;0.027420;0.025040;0.031297;0.027939;0.028547;0.035584;0.031640;0.033753;0.031298;0.033293;0.034143;0.035222;0.034291;0.035694;0.034039;0.031520;0.032315;0.031473;0.030497;0.032697;0.032683;0.031064;0.029049;0.030603;0.028113;0.027180;0.027474;0.026939;0.023227;0.028052;0.025061;0.026304;0.026108;0.024087;0.023820;0.022697;0.020948;0.023736;0.023067;0.021657;0.020714;0.020432
0.028000;0.030511;0.026181;0.029546;0.029862;0.027346;0.029502;0.030042;0.028324;0.032106;0.027112;0.024356;0.031195;0.027487;0.026524;0.027006;0.029325;0.028665;0.032110;0.032687;0.029470;0.029382;0.030415;0.031039;0.031540;0.028884;0.031313;0.028358;0.031792;0.032525;0.028381;0.035028;0.033811;0.033296;0.039813;0.035196;0.037816;0.034836;0.035348;0.037364;0.038253;0.039490;0.034969;0.036407;0.033020;0.035869;0.033573;0.030446;0.032015;0.033782;0.033146;0.034343;0.030832;0.028930;0.030389;0.029156;0.029039;0.030832;0.028779;0.026883;0.025612;0.024715;0.024050;0.024392;0.022738;0.024979;0.022513;0.022754;0.021999;0.022850
0.030038;0.032249;0.034040;0.031620;0.029697;0.028698;0.032673;0.032539;0.028853;0.035155;0.028291;0.029179;0.029411;0.027777;0.027195;0.032822;0.032705;0.031869;0.030148;0.032217;0.035419;0.034540;0.032577;0.032680;0.033009;0.031335;0.033805;0.034597;0.032827;0.033605;0.038812;0.030962;0.035169;0.036773;0.033967;0.041197;0.036290;0.039894;0.037465;0.039937;0.040794;0.040739;0.038162;0.037955;0.037298;0.036203;0.036123;0.037081;0.034325;0.036369;0.035639;0.035554;0.035422;0.032716;0.030649;0.030740;0.029745;0.030292;0.027433;0.028942;0.027585;0.027265;0.028225;0.025623;0.025127;0.023219;0.025665;0.023755;0.025240;0.022538
0.035429;0.030800;0.030826;0.035445;0.035108;0.030645;0.033640;0.036348;0.032030;0.035244;0.030591;0.029093;0.032156;0.030113;0.032687;0.032423;0.035062;0.031397;0.036934;0.037093;0.038690;0.038408;0.036404;0.036441;0.036036;0.035737;0.034005;0.035379;0.037491;0.034903;0.037138;0.038968;0.034153;0.038424;0.038194;0.034913;0.044682;0.040629;0.041835;0.044712;0.042753;0.041097;0.044821;0.040389;0.041845;0.039568;0.039975;0.039405;0.039320;0.037302;0.038890;0.036759;0.034325;0.039235;0.031014;0.035291;0.034376;0.032047;0.030139;0.030504;0.033295;0.029195;0.026814;0.028022;0.025764;0.027076;0.026144;0.025963;0.026644;0.026952
0.037589;0.036857;0.037792;0.034416;0.039294;0.033719;0.037094;0.041612;0.033758;0.038081;0.033395;0.034405;0.037970;0.035466;0.034217;0.037388;0.040425;0.036164;0.040962;0.044411;0.040273;0.043003;0.039264;0.039731;0.041718;0.041436;0.038885;0.039157;0.037387;0.037690;0.042591;0.036969;0.043628;0.039746;0.042269;0.041381;0.040498;0.049346;0.045064;0.047976;0.046553;0.047222;0.044573;0.044610;0.043400;0.042761;0.042291;0.039113;0.042275;0.039686;0.040668;0.041816;0.036319;0.035873;0.036082;0.036251;0.036227;0.035260;0.033360;0.032837;0.031342;0.032676;0.028871;0.029560;0.029569;0.029762;0.028793;0.027337;0.028731;0.028434
0.038437;0.038004;0.035788;0.044629;0.042344;0.041240;0.038261;0.042066;0.038834;0.036196;0.035789;0.039415;0.037606;0.038346;0.037934;0.042959;0.042914;0.041902;0.039735;0.046568;0.047310;0.043654;0.042689;0.043246;0.045319;0.044336;0.041328;0.042846;0.045612;0.045372;0.044483;0.045136;0.043305;0.044187;0.039794;0.046094;0.047000;0.044353;0.054604;0.044565;0.051216;0.045851;0.050736;0.045406;0.047743;0.046812;0.047225;0.043228;0.046175;0.044634;0.042971;0.042271;0.041742;0.042859;0.040345;0.040328;0.040858;0.038625;0.038936;0.034875;0.035334;0.031378;0.034749;0.030097;0.030525;0.032245;0.031179;0.030068;0.030854;0.028108
0.036528;0.042763;0.041616;0.046781;0.046284;0.043501;0.043675;0.046936;0.044178;0.049400;0.042836;0.042007;0.044353;0.040744;0.043459;0.044102;0.045684;0.043955;0.045143;0.051851;0.048435;0.051179;0.051048;0.050327;0.050674;0.048351;0.048307;0.047708;0.049751;0.046964;0.049670;0.050178;0.050274;0.051767;0.052121;0.048814;0.048388;0.050647;0.045977;0.055667;0.052979;0.052020;0.049805;0.050470;0.046322;0.048670;0.047655;0.049168;0.051527;0.048263;0.050105;0.046074;0.046917;0.044027;0.045006;0.041711;0.043474;0.043278;0.040383;0.040712;0.038018;0.035531;0.036835;0.034974;0.035097;0.034350;0.033802;0.032506;0.032144;0.032052
0.046650;0.038909;0.048255;0.045472;0.051456;0.046141;0.050065;0.053365;0.048185;0.055025;0.043072;0.042264;0.052810;0.047682;0.050096;0.045961;0.047813;0.051017;0.049035;0.051005;0.052540;0.054995;0.050243;0.051286;0.055670;0.052843;0.053854;0.053503;0.054604;0.052642;0.058132;0.052555;0.051218;0.054212;0.053122;0.052886;0.051519;0.051796;0.059064;0.048333;0.061712;0.051662;0.058237;0.058372;0.056511;0.053133;0.055731;0.054953;0.053937;0.051235;0.050315;0.054382;0.043692;0.048063;0.048952;0.045366;0.048643;0.044175;0.047140;0.041032;0.040625;0.035513;0.038539;0.038478;0.037190;0.037050;0.034742;0.036763;0.034911;0.033656
0.053061;0.049401;0.046997;0.047937;0.056258;0.049402;0.051661;0.054036;0.054036;0.059206;0.053252;0.045783;0.056468;0.053749;0.044582;0.056983;0.053024;0.049842;0.055180;0.063145;0.061704;0.063702;0.057053;0.063435;0.060930;0.053854;0.055352;0.059095;0.058252;0.058709;0.065315;0.059100;0.055290;0.058459;0.053708;0.061690;0.059026;0.053670;0.057998;0.059991;0.055198;0.067693;0.058217;0.060708;0.054986;0.060991;0.058642;0.060861;0.058876;0.055120;0.056464;0.058401;0.053847;0.053784;0.048393;0.052673;0.050185;0.048454;0.047571;0.047856;0.045736;0.045898;0.040937;0.042199;0.037575;0.040296;0.038850;0.037010;0.037175;0.039798
0.057242;0.057383;0.061397;0.053668;0.061979;0.059449;0.057918;0.054814;0.056754;0.058407;0.055606;0.059946;0.060754;0.052669;0.055350;0.059681;0.057535;0.053077;0.059769;0.066252;0.062517;0.071025;0.063428;0.057060;0.065867;0.066375;0.061068;0.065282;0.065445;0.062844;0.067840;0.063762;0.065599;0.065666;0.063867;0.058573;0.063353;0.068791;0.060560;0.061748;0.062097;0.058474;0.069370;0.063849;0.065276;0.063113;0.062442;0.063629;0.064458;0.063875;0.064466;0.059640;0.054804;0.054925;0.055554;0.056748;0.054536;0.054399;0.056856;0.049732;0.050584;0.046057;0.044875;0.045049;0.041966;0.041668;0.041739;0.045795;0.038113;0.041435
0.058367;0.063559;0.065818;0.062317;0.060552;0.061165;0.068042;0.067073;0.055317;0.065693;0.064369;0.057917;0.064572;0.062979;0.053292;0.061027;0.064232;0.057726;0.063175;0.068746;0.068635;0.069275;0.064540;0.074160;0.076169;0.065974;0.071157;0.075985;0.073603;0.070064;0.071583;0.068756;0.072354;0.070621;0.072580;0.073594;0.068964;0.065474;0.070926;0.058743;0.070306;0.066170;0.062290;0.078543;0.064406;0.068797;0.067858;0.071461;0.067169;0.062488;0.063214;0.060306;0.062933;0.059668;0.060238;0.058775;0.056665;0.056402;0.053985;0.053135;0.052065;0.051731;0.049073;0.052415;0.041794;0.045203;0.043684;0.045277;0.044041;0.044686
0.068904;0.067120;0.082022;0.076482;0.071669;0.068759;0.073243;0.075611;0.064264;0.075644;0.068589;0.064533;0.072867;0.068430;0.066033;0.070944;0.070151;0.064391;0.072955;0.080823;0.082427;0.084592;0.075211;0.071656;0.075689;0.077031;0.076740;0.080893;0.082036;0.074932;0.078150;0.077115;0.076877;0.078422;0.079375;0.073052;0.075020;0.068263;0.071383;0.080107;0.071983;0.074757;0.066683;0.070663;0.074295;0.071350;0.076328;0.070205;0.076212;0.074109;0.075380;0.068949;0.067340;0.062980;0.067016;0.062870;0.065875;0.058681;0.064534;0.055971;0.055116;0.055865;0.055340;0.054509;0.054723;0.050650;0.048621;0.049333;0.047119;0.047885
0.070312;0.087692;0.080245;0.084678;0.077236;0.068238;0.063546;0.082229;0.073619;0.082670;0.067582;0.071086;0.083592;0.074216;0.071460;0.077749;0.074029;0.075489;0.083990;0.087777;0.088444;0.087223;0.079989;0.080714;0.086638;0.091176;0.077852;0.084677;0.082258;0.083100;0.082377;0.080564;0.085530;0.085054;0.086766;0.081577;0.087029;0.082439;0.079870;0.079213;0.087540;0.075319;0.079373;0.073473;0.070920;0.088054;0.073489;0.080908;0.081485;0.082382;0.075831;0.070670;0.068978;0.072423;0.070641;0.071371;0.076444;0.070141;0.064769;0.058473;0.061368;0.062298;0.060515;0.060999;0.055976;0.055042;0.055938;0.055205;0.050587;0.052332
0.084542;0.086936;0.092829;0.087308;0.089881;0.080823;0.083396;0.085348;0.083391;0.085903;0.078759;0.084404;0.095358;0.075487;0.074783;0.075644;0.085154;0.078629;0.090169;0.093903;0.095035;0.097415;0.086451;0.092507;0.089432;0.098250;0.091497;0.087610;0.095846;0.091379;0.098617;0.091485;0.087426;0.095553;0.091388;0.094848;0.094632;0.089242;0.091146;0.083944;0.086542;0.096663;0.073605;0.082629;0.078336;0.081868;0.089921;0.084355;0.087255;0.082178;0.085447;0.077289;0.076437;0.075443;0.076923;0.078928;0.076830;0.077284;0.071489;0.071825;0.075434;0.069476;0.061507;0.063539;0.060389;0.060931;0.058399;0.056684;0.055898;0.055247
0.098221;0.100684;0.097928;0.106325;0.096808;0.087382;0.087359;0.094722;0.082909;0.094933;0.092421;0.089219;0.099394;0.087351;0.087051;0.096853;0.093694;0.084452;0.097395;0.103856;0.103841;0.105630;0.098515;0.095624;0.102192;0.097930;0.093332;0.100076;0.097821;0.100497;0.105940;0.095496;0.101249;0.102080;0.105306;0.098397;0.104509;0.099377;0.096380;0.094377;0.091783;0.094562;0.097575;0.086519;0.094240;0.085451;0.077490;0.092571;0.085703;0.089586;0.088781;0.085760;0.084828;0.086005;0.082594;0.083072;0.084317;0.080972;0.078741;0.075922;0.077110;0.070462;0.071609;0.065043;0.066272;0.066990;0.064686;0.065813;0.061721;0.058673
0.109666;0.105069;0.101085;0.097846;0.116409;0.097911;0.098849;0.099807;0.099842;0.095508;0.101989;0.101338;0.105792;0.100587;0.090246;0.108385;0.102650;0.092118;0.100939;0.095864;0.117885;0.112981;0.106774;0.113165;0.111220;0.113865;0.108247;0.101732;0.115372;0.105429;0.116654;0.107539;0.111318;0.115806;0.106356;0.108892;0.109623;0.098581;0.106897;0.105092;0.112005;0.109169;0.107446;0.102214;0.080776;0.095090;0.084881;0.085375;0.111795;0.094213;0.101452;0.086873;0.095162;0.096366;0.097389;0.093287;0.092798;0.089661;0.084003;0.084745;0.076242;0.078308;0.078490;0.076751;0.073987;0.078689;0.070692;0.067856;0.069688;0.064893
0.132527;0.120627;0.138198;0.116857;0.107503;0.109887;0.110880;0.125215;0.109832;0.113299;0.096922;0.100034;0.126978;0.118151;0.104011;0.111600;0.112498;0.102853;0.108474;0.122810;0.126908;0.129462;0.113356;0.121017;0.119046;0.116607;0.119994;0.120563;0.110757;0.119109;0.119310;0.123897;0.115192;0.125697;0.113192;0.121231;0.118536;0.114527;0.119609;0.115450;0.107520;0.119208;0.108763;0.109795;0.108754;0.103922;0.104443;0.104851;0.093564;0.117173;0.096264;0.103208;0.103927;0.100739;0.102654;0.100448;0.099376;0.101003;0.091864;0.085505;0.098589;0.088135;0.078701;0.084317;0.079678;0.083387;0.080235;0.077484;0.081113;0.072381
0.130475;0.132877;0.130501;0.127365;0.134099;0.116158;0.129815;0.132917;0.119637;0.130173;0.130850;0.113861;0.140147;0.117211;0.118366;0.123871;0.119324;0.123130;0.121189;0.137405;0.135235;0.124189;0.118776;0.135649;0.129267;0.138468;0.118823;0.126883;0.130669;0.129914;0.147697;0.137635;0.140548;0.148233;0.137353;0.130103;0.142228;0.130107;0.125392;0.143564;0.125224;0.125144;0.133267;0.130689;0.117105;0.121647;0.107240;0.119793;0.113635;0.101580;0.128303;0.108551;0.113250;0.115788;0.113694;0.111345;0.104486;0.101780;0.097225;0.088953;0.095858;0.092880;0.094713;0.091795;0.088896;0.089417;0.082739;0.083406;0.081024;0.077163
0.138527;0.141205;0.157992;0.144312;0.153075;0.140649;0.136610;0.153290;0.132212;0.128474;0.135958;0.132984;0.135846;0.134960;0.127062;0.145840;0.149570;0.143351;0.145489;0.140394;0.142685;0.157266;0.143635;0.149890;0.143760;0.141214;0.139076;0.149557;0.146627;0.148995;0.155775;0.144954;0.157800;0.152536;0.143951;0.147121;0.149854;0.136171;0.147116;0.141116;0.140706;0.134142;0.130856;0.134368;0.134684;0.123197;0.135850;0.107826;0.114278;0.116840;0.109675;0.134650;0.114345;0.115666;0.119657;0.128469;0.115469;0.121273;0.109682;0.110274;0.107885;0.101606;0.107109;0.104323;0.100057;0.097940;0.093152;0.094861;0.096781;0.084830
0.140438;0.172051;0.151167;0.157246;0.168497;0.167687;0.150121;0.163984;0.142023;0.154214;0.137736;0.139262;0.172486;0.141418;0.132357;0.144565;0.155192;0.144531;0.148077;0.132688;0.160589;0.166333;0.136749;0.161778;0.150446;0.168713;0.168164;0.160510;0.153392;0.150782;0.158995;0.142841;0.162737;0.169265;0.160072;0.144609;0.157466;0.150636;0.153663;0.154851;0.162331;0.155435;0.147181;0.146301;0.136112;0.136648;0.141483;0.146451;0.127753;0.144839;0.137302;0.122537;0.145827;0.125712;0.134145;0.136608;0.138529;0.127685;0.125180;0.120566;0.119268;0.110491;0.108042;0.114700;0.108534;0.105962;0.100522;0.106911;0.102877;0.097685
0.146754;0.195523;0.145335;0.187148;0.192253;0.173968;0.172287;0.201203;0.183204;0.186195;0.169728;0.156181;0.175812;0.156027;0.148891;0.177809;0.166538;0.154441;0.149120;0.170608;0.171047;0.192601;0.161984;0.158967;0.172989;0.170979;0.166448;0.173504;0.176420;0.164515;0.193141;0.178357;0.172708;0.182840;0.170086;0.190785;0.178052;0.166591;0.165550;0.165716;0.171490;0.163859;0.163019;0.161333;0.158802;0.157046;0.151902;0.140606;0.169133;0.142041;0.146835;0.149226;0.129785;0.152704;0.128131;0.150674;0.141687;0.143780;0.135925;0.140180;0.133153;0.122142;0.121766;0.116596;0.119540;0.116715;0.113962;0.115368;0.116106;0.100174
0.214614;0.193904;0.191482;0.192177;0.217181;0.184892;0.188145;0.203505;0.202764;0.177825;0.202460;0.161378;0.195315;0.161839;0.160236;0.179656;0.202810;0.169911;0.170794;0.185215;0.191822;0.172683;0.190242;0.178280;0.191517;0.184277;0.177225;0.185364;0.183304;0.191843;0.206803;0.187332;0.190902;0.201095;0.180812;0.192847;0.207818;0.174537;0.183171;0.179342;0.185337;0.183564;0.182340;0.169206;0.167917;0.161034;0.168515;0.155941;0.168949;0.163474;0.149984;0.171887;0.149238;0.146183;0.165105;0.156005;0.150263;0.161412;0.149544;0.139461;0.141268;0.129077;0.137208;0.121653;0.122834;0.133722;0.123775;0.125365;0.124963;0.117499
0.215018;0.243925;0.230884;0.213045;0.174617;0.212158;0.182190;0.234801;0.207545;0.230550;0.186416;0.202633;0.223577;0.201665;0.188512;0.217885;0.214570;0.210624;0.201554;0.218956;0.178421;0.194160;0.186381;0.203669;0.210998;0.177883;0.174042;0.221085;0.192736;0.176832;0.206755;0.207954;0.207106;0.201871;0.204110;0.216962;0.210151;0.199653;0.195188;0.192058;0.194141;0.202705;0.197805;0.186445;0.172393;0.188399;0.171058;0.163849;0.178446;0.166578;0.180974;0.154956;0.173007;0.153470;0.158759;0.186851;0.159302;0.167236;0.168325;0.153502;0.161942;0.145824;0.150479;0.143281;0.127206;0.137786;0.138333;0.137986;0.142440;0.127631
0.241570;0.217859;0.203177;0.242316;0.234144;0.215488;0.238260;0.212977;0.232257;0.249539;0.215572;0.188829;0.291284;0.227209;0.245604;0.235591;0.214021;0.157598;0.229574;0.226899;0.242689;0.217547;0.212021;0.223502;0.219663;0.212774;0.232947;0.252214;0.214164;0.233635;0.216992;0.226951;0.234736;0.245131;0.207151;0.215206;0.225897;0.197317;0.224615;0.224178;0.229032;0.210491;0.220450;0.222096;0.206929;0.208479;0.197869;0.191570;0.188076;0.197172;0.186488;0.194457;0.165021;0.188059;0.168108;0.180283;0.208721;0.184709;0.203290;0.168751;0.185286;0.160375;0.169833;0.163902;0.145958;0.153450;0.141729;0.172500;0.155134;0.138499
0.246036;0.287587;0.276169;0.277393;0.236463;0.249973;0.263037;0.319184;0.238253;0.251112;0.243812;0.246998;0.282545;0.232221;0.233299;0.264409;0.250547;0.247843;0.263338;0.227836;0.231140;0.245237;0.216133;0.220667;0.254639;0.241576;0.247690;0.233675;0.200618;0.214835;0.266995;0.232536;0.247737;0.251724;0.239006;0.241410;0.236512;0.242520;0.225367;0.235140;0.234035;0.249938;0.239899;0.237726;0.226868;0.219001;0.214214;0.220005;0.224819;0.190221;0.199341;0.219826;0.212749;0.183601;0.197577;0.211168;0.185085;0.224835;0.185394;0.198056;0.189229;0.184218;0.187410;0.180267;0.169716;0.155089;0.148182;0.149624;0.170467;0.158584
0.262607;0.298449;0.274391;0.265299;0.288462;0.264572;0.320519;0.262366;0.290583;0.253989;0.264042;0.228802;0.291056;0.242108;0.245032;0.266456;0.257424;0.262658;0.259676;0.252321;0.280254;0.296665;0.246602;0.280019;0.262235;0.275020;0.244186;0.292319;0.295048;0.260844;0.277918;0.235294;0.262435;0.268620;0.256042;0.285419;0.280458;0.221827;0.271858;0.259337;0.251385;0.244130;0.253486;0.239040;0.207671;0.242042;0.233734;0.237192;0.228559;0.219485;0.235918;0.203957;0.225337;0.238753;0.205231;0.199218;0.234942;0.183177;0.224511;0.210520;0.237206;0.195063;0.207470;0.200704;0.187750;0.186153;0.165518;0.160901;0.159491;0.171313
0.268530;0.285827;0.343151;0.366571;0.299396;0.258228;0.309258;0.329120;0.262500;0.269080;0.324417;0.250253;0.355604;0.310155;0.249373;0.346927;0.300705;0.222483;0.291785;0.276594;0.256788;0.281047;0.266217;0.298343;0.245843;0.279702;0.262574;0.284264;0.262150;0.272462;0.285168;0.287139;0.281069;0.263194;0.283998;0.277604;0.341454;0.278155;0.231910;0.281407;0.266152;0.272534;0.275314;0.272180;0.219660;0.290841;0.252526;0.272814;0.246035;0.247389;0.236005;0.266527;0.217411;0.237422;0.248143;0.234589;0.206742;0.238530;0.205843;0.253144;0.231888;0.224702;0.207505;0.218355;0.223201;0.212688;0.185098;0.184506;0.186452;0.190876
0.275754;0.276087;0.302451;0.325508;0.360717;0.314468;0.356846;0.411843;0.308839;0.394032;0.296834;0.284311;0.354223;0.313103;0.299016;0.295730;0.317118;0.274277;0.334984;0.324553;0.362092;0.284718;0.318215;0.335005;0.351994;0.268631;0.239747;0.316855;0.335643;0.302694;0.302399;0.271597;0.285813;0.306055;0.306056;0.239281;0.352336;0.253818;0.313383;0.294702;0.298172;0.296523;0.248167;0.248683;0.280479;0.292389;0.232976;0.252836;0.266750;0.253876;0.253822;0.245513;0.273115;0.272421;0.272994;0.266405;0.251256;0.276934;0.238213;0.247563;0.273512;0.240942;0.243829;0.229955;0.254317;0.217628;0.216182;0.206782;0.187113;0.163031
0.309643;0.386321;0.317104;0.293939;0.364226;0.336490;0.367816;0.370887;0.324258;0.297822;0.346569;0.300841;0.437918;0.361597;0.376719;0.290200;0.352255;0.352310;0.307296;0.258999;0.351223;0.355702;0.311585;0.304265;0.290614;0.319444;0.318836;0.304028;0.310829;0.269889;0.368435;0.336973;0.292460;0.340997;0.345390;0.342632;0.323461;0.247730;0.336355;0.331275;0.319711;0.338350;0.314738;0.323176;0.277458;0.319600;0.298753;0.286482;0.291761;0.262320;0.272052;0.296739;0.280308;0.306605;0.297939;0.315393;0.309079;0.275348;0.278936;0.280340;0.240418;0.312925;0.260805;0.276271;0.234240;0.257638;0.242944;0.262520;0.206626;0.199455
0.227954;0.384794;0.397896;0.470502;0.465806;0.312169;0.337474;0.382193;0.472800;0.362050;0.350007;0.311644;0.441463;0.355530;0.405275;0.385250;0.444327;0.323114;0.398567;0.339013;0.327332;0.371436;0.370956;0.305308;0.331569;0.348233;0.387347;0.306971;0.375588;0.363778;0.404129;0.354071;0.279140;0.356713;0.310947;0.351931;0.307897;0.373550;0.368792;0.352729;0.342952;0.381958;0.337440;0.359231;0.382607;0.298235;0.340770;0.374541;0.322064;0.367015;0.394865;0.347667;0.299086;0.338229;0.291944;0.309557;0.365677;0.271457;0.273262;0.307988;0.279883;0.269932;0.324027;0.285974;0.285561;0.285580;0.256286;0.267464;0.254201;0.209854
0.259501;0.253887;0.289001;0.485433;0.412827;0.381754;0.226624;0.459468;0.274659;0.429663;0.425249;0.277639;0.500698;0.421811;0.299582;0.331988;0.479034;0.431138;0.318853;0.505498;0.506169;0.418147;0.385654;0.399030;0.360513;0.381675;0.346292;0.477228;0.362778;0.396838;0.388857;0.410242;0.403619;0.434130;0.453838;0.460963;0.319018;0.394080;0.271656;0.382607;0.366179;0.422403;0.278769;0.382264;0.319338;0.397030;0.309489;0.374469;0.283302;0.350479;0.309560;0.309208;0.318795;0.333190;0.315537;0.367718;0.372492;0.329921;0.314904;0.332444;0.347456;0.260288;0.290681;0.397682;0.304283;0.330470;0.318709;0.294562;0.245888;0.240756
0.537444;0.432061;0.344974;0.454239;0.527751;0.617411;0.483425;0.607629;0.383774;0.542194;0.264226;0.450979;0.408419;0.394997;0.491071;0.321316;0.400496;0.371807;0.462347;0.574063;0.351597;0.454326;0.193990;0.498247;0.467196;0.469270;0.380543;0.445705;0.383058;0.441664;0.343244;0.426757;0.394120;0.461594;0.432208;0.286920;0.493189;0.409091;0.366203;0.392497;0.569608;0.401650;0.452441;0.511532;0.369598;0.369703;0.397505;0.408311;0.310601;0.377649;0.353034;0.426938;0.386319;0.364084;0.389146;0.343418;0.351272;0.391136;0.403096;0.388046;0.384006;0.280262;0.289563;0.298038;0.422537;0.340555;0.436700;0.368903;0.312887;0.254933
0.124732;0.305464;0.481761;0.380550;0.553985;0.395952;0.360120;0.375846;0.457183;0.356718;0.604399;0.609415;0.707358;0.428055;0.356705;0.376106;0.486241;0.450315;0.636717;0.507937;0.463353;0.460547;0.313797;0.513113;0.443213;0.427430;0.407021;0.431404;0.379439;0.581976;0.371235;0.518271;0.348045;0.586510;0.416078;0.283462;0.471235;0.415867;0.434389;0.457717;0.338323;0.368841;0.355117;0.413435;0.550809;0.435684;0.396609;0.422197;0.338138;0.472465;0.450526;0.417314;0.498776;0.380289;0.383104;0.367341;0.365715;0.329956;0.492833;0.352562;0.512623;0.331907;0.488815;0.356676;0.354567;0.385035;0.305793;0.416126;0.325295;0.343331
0.267132;0.639074;0.577810;0.353392;0.270331;0.490637;0.582666;0.510910;0.682947;0.521185;0.477792;0.552029;0.531397;0.583090;0.552134;0.299783;0.757750;0.630369;0.360404;0.590194;0.347197;0.456820;0.444293;0.543102;0.553936;0.559876;0.377067;0.559820;0.407007;0.381565;0.397843;0.527310;0.481339;0.670968;0.504013;0.370477;0.613762;0.332752;0.499750;0.385135;0.378653;0.496304;0.514469;0.585898;0.475624;0.609975;0.415245;0.397439;0.385713;0.313147;0.599568;0.323148;0.396167;0.357088;0.338482;0.379462;0.454417;0.473779;0.548188;0.559119;0.496633;0.472848;0.423131;0.470140;0.365313;0.469131;0.468755;0.353182;0.312401;0.321499
0.245192;1.198664;0.806841;0.519593;0.462677;0.117451;0.355914;0.991034;0.400445;0.389358;0.174902;0.358102;0.692042;0.655618;0.756144;0.417295;0.576203;0.281690;0.480914;0.487409;0.285171;0.629921;0.362444;0.204151;0.425834;0.253879;0.425532;0.353357;0.318323;0.751833;0.457666;0.731596;0.597163;0.336205;0.498270;0.670241;0.500243;0.365475;0.449723;0.417405;0.666667;0.413888;0.223353;0.466712;0.461593;0.317323;0.307778;0.537253;0.362538;0.426313;0.324334;0.459615;0.479312;0.413624;0.458027;0.368526;0.473058;0.487159;0.408131;0.590173;0.564109;0.478688;0.610879;0.347053;0.507813;0.568440;0.505956;0.550065;0.453301;0.257889
